{
    "Sun": {
        "GM": 132712440041.939,
        "mass": 1.9884098713264165e+21,
        "position": {
            "x": -0.007137179161607904,
            "y": -0.002795997495567612,
            "z": 0.0002062985061910257
        },
        "velocity": {
            "vx": 5.378460339618783e-06,
            "vy": -7.406916207973516e-06,
            "vz": -9.43429343213747e-08
        }
    },
    "Mercury": {
        "GM": 22031.86855,
        "mass": 330100063677089.75,
        "position": {
            "x": -0.1372307845370601,
            "y": -0.450083615630924,
            "z": -0.02439200845186075
        },
        "velocity": {
            "vx": 0.02137177412835578,
            "vy": -0.006455396660044872,
            "vz": -0.002487957757771483
        }
    },
    "Venus": {
        "GM": 324858.592,
        "mass": 4867305814842006.0,
        "position": {
            "x": -0.725439475506997,
            "y": -0.03545030569537367,
            "z": 0.04122048053303724
        },
        "velocity": {
            "vx": 0.0008034959761149407,
            "vy": -0.02030262561844178,
            "vz": -0.0003235458586621571
        }
    },
    "Earth": {
        "GM": 398600.4418,
        "mass": 5972168494074285.0,
        "position": {
            "x": -0.1842722784343177,
            "y": 0.964445689270963,
            "z": 0.0002022132246085051
        },
        "velocity": {
            "vx": -0.01720224660838933,
            "vy": -0.003166189060532839,
            "vz": 1.064592514002072e-08
        }
    },
    "Mars": {
        "GM": 42828.375214,
        "mass": 641690892138501.5,
        "position": {
            "x": 1.383578742584744,
            "y": -0.01621231564658007,
            "z": -0.03426136426962699
        },
        "velocity": {
            "vx": 0.0006768779624066696,
            "vy": 0.01517984117828069,
            "vz": 0.0003015574290834534
        }
    },
    "Jupiter": {
        "GM": 126686531.9,
        "mass": 1.8981246258034552e+18,
        "position": {
            "x": 3.994040256427818,
            "y": 2.935779784974931,
            "z": -0.101578984945624
        },
        "velocity": {
            "vx": -0.004562948121087195,
            "vy": 0.006435847855854325,
            "vz": 7.548691257292337e-05
        }
    },
    "Saturn": {
        "GM": 37931206.234,
        "mass": 5.683173701212112e+17,
        "position": {
            "x": 6.399273249217048,
            "y": 6.567192454614989,
            "z": -0.3688696745701767
        },
        "velocity": {
            "vx": -0.004286506154280534,
            "vy": 0.003883395100744251,
            "vz": 0.0001025581110922691
        }
    },
    "Uranus": {
        "GM": 5793950.6103,
        "mass": 8.680986186266725e+16,
        "position": {
            "x": 14.42471809676244,
            "y": -13.73711939965492,
            "z": -0.2379354688209131
        },
        "velocity": {
            "vx": 0.002683627208509772,
            "vy": 0.002665254700749824,
            "vz": -2.488379610328529e-05
        }
    },
    "Neptune": {
        "GM": 6835099.97,
        "mass": 1.024092409690904e+17,
        "position": {
            "x": 16.8049100760519,
            "y": -24.99455905985419,
            "z": 0.1274288139389692
        },
        "velocity": {
            "vx": 0.002584290670584903,
            "vy": 0.001769120292270417,
            "vz": -9.611096855010698e-05
        }
    },
    "Pluto": {
        "GM": 975.5,
        "mass": 14615764949133.244,
        "position": {
            "x": -9.882484437742571,
            "y": -27.96158209495368,
            "z": 5.850660430638439
        },
        "velocity": {
            "vx": 0.003043196189920157,
            "vy": -0.001541616015854067,
            "vz": -0.000722366453574765
        }
    }
}