{
    "Sun": {
        "mass": 1.9884098713264163e+30,
        "position": {
            "x": -0.005074465326524839,
            "y": -0.005191758149503094,
            "z": 0.0001684480227894002
        },
        "velocity": {
            "vx": 7.266038013075107e-06,
            "vy": -2.581553749178838e-06,
            "vz": -1.236257567445768e-07
        }
    },
    "Mercury": {
        "mass": 3.3010006367708975e+23,
        "position": {
            "x": -0.3749145479769049,
            "y": -0.2272733595814326,
            "z": 0.01594165741714774
        },
        "velocity": {
            "vx": 0.008705769009145927,
            "vy": -0.02288818821485262,
            "vz": -0.002668217188648177
        }
    },
    "Venus": {
        "mass": 4.867305814842006e+24,
        "position": {
            "x": -0.6918243711133664,
            "y": -0.2227473264660553,
            "z": 0.03680501169883079
        },
        "velocity": {
            "vx": 0.005980834851862771,
            "vy": -0.01937604935708548,
            "vz": -0.0006109324218600097
        }
    },
    "Earth": {
        "mass": 5.972168494074285e+24,
        "position": {
            "x": -0.9838158039178683,
            "y": -0.20717266047195,
            "z": 0.0001837060611337205
        },
        "velocity": {
            "vx": 0.003210786041173962,
            "vy": -0.01692095875091904,
            "vz": 4.540850467745793e-07
        }
    },
    "Mars": {
        "mass": 6.416908921385015e+23,
        "position": {
            "x": -1.437785156464851,
            "y": 0.8411898972365713,
            "z": 0.05303925372882736
        },
        "velocity": {
            "vx": -0.006585253898698372,
            "vy": -0.01085591222537286,
            "vz": -6.590492567791802e-05
        }
    },
    "Jupiter": {
        "mass": 1.8981246258034552e+27,
        "position": {
            "x": 0.366766915678911,
            "y": 5.094305962421076,
            "z": -0.02933387029831618
        },
        "velocity": {
            "vx": -0.007614420682776515,
            "vy": 0.0009018722377736996,
            "vz": 0.0001666274323085824
        }
    },
    "Saturn": {
        "mass": 5.6831737012121115e+26,
        "position": {
            "x": 9.507254769509354,
            "y": -1.272115981053823,
            "z": -0.3564149500392538
        },
        "velocity": {
            "vx": 0.0004296192540870462,
            "vy": 0.005517990951068206,
            "vz": -0.0001130722212648851
        }
    },
    "Uranus": {
        "mass": 8.680986186266724e+25,
        "position": {
            "x": 10.80048539515352,
            "y": 16.27245953463429,
            "z": -0.07948666303779006
        },
        "velocity": {
            "vx": -0.003305929641662517,
            "vy": 0.00199167688748832,
            "vz": 5.009166479564196e-05
        }
    },
    "Neptune": {
        "mass": 1.024092409690904e+26,
        "position": {
            "x": 29.87703995908544,
            "y": -0.3533631215106663,
            "z": -0.6812701415471689
        },
        "velocity": {
            "vx": 1.604610888490882e-05,
            "vy": 0.003157598064728744,
            "vz": -6.503110793881642e-05
        }
    },
    "Pluto": {
        "mass": 1.4615764949133242e+22,
        "position": {
            "x": 18.47303301858495,
            "y": -29.927396394838,
            "z": -2.141076160972087
        },
        "velocity": {
            "vx": 0.002764447628751313,
            "vy": 0.0009650274229858117,
            "vz": -0.0008963302128485616
        }
    }
}